REF_DATE,GEO,DGUID,Type of motivation,UOM,UOM_ID,SCALAR_FACTOR,SCALAR_ID,VECTOR,COORDINATE,VALUE,STATUS,SYMBOL,TERMINATED,DECIMALS
2014,Atlantic [1],N1,Race or ethnicity,Number,223,units,0,v1579318567,2.2,17,,,,0
2015,Atlantic [1],N1,Race or ethnicity,Number,223,units,0,v1579318567,2.2,23,,,,0
2016,Atlantic [1],N1,Race or ethnicity,Number,223,units,0,v1579318567,2.2,23,,,,0
2017,Atlantic [1],N1,Race or ethnicity,Number,223,units,0,v1579318567,2.2,21,,,,0
2018,Atlantic [1],N1,Race or ethnicity,Number,223,units,0,v1579318567,2.2,31,,,,0
2019,Atlantic [1],N1,Race or ethnicity,Number,223,units,0,v1579318567,2.2,35,,,,0
2020,Atlantic [1],N1,Race or ethnicity,Number,223,units,0,v1579318567,2.2,58,,,,0
2021,Atlantic [1],N1,Race or ethnicity,Number,223,units,0,v1579318567,2.2,83,,,,0
2022,Atlantic [1],N1,Race or ethnicity,Number,223,units,0,v1579318567,2.2,117,,,,0
2023,Atlantic [1],N1,Race or ethnicity,Number,223,units,0,v1579318567,2.2,156,,,,0
2014,Atlantic [1],N1,Religion,Number,223,units,0,v1579318577,2.12,7,,,,0
2015,Atlantic [1],N1,Religion,Number,223,units,0,v1579318577,2.12,15,,,,0
2016,Atlantic [1],N1,Religion,Number,223,units,0,v1579318577,2.12,9,,,,0
2017,Atlantic [1],N1,Religion,Number,223,units,0,v1579318577,2.12,14,,,,0
2018,Atlantic [1],N1,Religion,Number,223,units,0,v1579318577,2.12,13,,,,0
2019,Atlantic [1],N1,Religion,Number,223,units,0,v1579318577,2.12,13,,,,0
2020,Atlantic [1],N1,Religion,Number,223,units,0,v1579318577,2.12,14,,,,0
2021,Atlantic [1],N1,Religion,Number,223,units,0,v1579318577,2.12,19,,,,0
2022,Atlantic [1],N1,Religion,Number,223,units,0,v1579318577,2.12,14,,,,0
2023,Atlantic [1],N1,Religion,Number,223,units,0,v1579318577,2.12,36,,,,0
2014,Atlantic [1],N1,Sexual orientation,Number,223,units,0,v1579318583,2.18,7,,,,0
2015,Atlantic [1],N1,Sexual orientation,Number,223,units,0,v1579318583,2.18,11,,,,0
2016,Atlantic [1],N1,Sexual orientation,Number,223,units,0,v1579318583,2.18,10,,,,0
2017,Atlantic [1],N1,Sexual orientation,Number,223,units,0,v1579318583,2.18,9,,,,0
2018,Atlantic [1],N1,Sexual orientation,Number,223,units,0,v1579318583,2.18,6,,,,0
2019,Atlantic [1],N1,Sexual orientation,Number,223,units,0,v1579318583,2.18,18,,,,0
2020,Atlantic [1],N1,Sexual orientation,Number,223,units,0,v1579318583,2.18,13,,,,0
2021,Atlantic [1],N1,Sexual orientation,Number,223,units,0,v1579318583,2.18,20,,,,0
2022,Atlantic [1],N1,Sexual orientation,Number,223,units,0,v1579318583,2.18,39,,,,0
2023,Atlantic [1],N1,Sexual orientation,Number,223,units,0,v1579318583,2.18,73,,,,0
2014,Atlantic [1],N1,Language,Number,223,units,0,v1579318589,2.24,,x,,,0
2015,Atlantic [1],N1,Language,Number,223,units,0,v1579318589,2.24,,x,,,0
2016,Atlantic [1],N1,Language,Number,223,units,0,v1579318589,2.24,,x,,,0
2017,Atlantic [1],N1,Language,Number,223,units,0,v1579318589,2.24,,x,,,0
2018,Atlantic [1],N1,Language,Number,223,units,0,v1579318589,2.24,,x,,,0
2019,Atlantic [1],N1,Language,Number,223,units,0,v1579318589,2.24,,x,,,0
2020,Atlantic [1],N1,Language,Number,223,units,0,v1579318589,2.24,,x,,,0
2021,Atlantic [1],N1,Language,Number,223,units,0,v1579318589,2.24,,x,,,0
2022,Atlantic [1],N1,Language,Number,223,units,0,v1579318589,2.24,,x,,,0
2023,Atlantic [1],N1,Language,Number,223,units,0,v1579318589,2.24,,x,,,0
2014,Atlantic [1],N1,Mental or Physical Disability,Number,223,units,0,v1579318594,2.29,,x,,,0
2015,Atlantic [1],N1,Mental or Physical Disability,Number,223,units,0,v1579318594,2.29,,x,,,0
2016,Atlantic [1],N1,Mental or Physical Disability,Number,223,units,0,v1579318594,2.29,,x,,,0
2017,Atlantic [1],N1,Mental or Physical Disability,Number,223,units,0,v1579318594,2.29,,x,,,0
2018,Atlantic [1],N1,Mental or Physical Disability,Number,223,units,0,v1579318594,2.29,,x,,,0
2019,Atlantic [1],N1,Mental or Physical Disability,Number,223,units,0,v1579318594,2.29,,x,,,0
2020,Atlantic [1],N1,Mental or Physical Disability,Number,223,units,0,v1579318594,2.29,,x,,,0
2021,Atlantic [1],N1,Mental or Physical Disability,Number,223,units,0,v1579318594,2.29,,x,,,0
2022,Atlantic [1],N1,Mental or Physical Disability,Number,223,units,0,v1579318594,2.29,,x,,,0
2023,Atlantic [1],N1,Mental or Physical Disability,Number,223,units,0,v1579318594,2.29,,x,,,0
2014,Atlantic [1],N1,Sex and gender,Number,223,units,0,v1579318599,2.34,,x,,,0
2015,Atlantic [1],N1,Sex and gender,Number,223,units,0,v1579318599,2.34,,x,,,0
2016,Atlantic [1],N1,Sex and gender,Number,223,units,0,v1579318599,2.34,,x,,,0
2017,Atlantic [1],N1,Sex and gender,Number,223,units,0,v1579318599,2.34,,x,,,0
2018,Atlantic [1],N1,Sex and gender,Number,223,units,0,v1579318599,2.34,,x,,,0
2019,Atlantic [1],N1,Sex and gender,Number,223,units,0,v1579318599,2.34,,x,,,0
2020,Atlantic [1],N1,Sex and gender,Number,223,units,0,v1579318599,2.34,,x,,,0
2021,Atlantic [1],N1,Sex and gender,Number,223,units,0,v1579318599,2.34,,x,,,0
2022,Atlantic [1],N1,Sex and gender,Number,223,units,0,v1579318599,2.34,,x,,,0
2023,Atlantic [1],N1,Sex and gender,Number,223,units,0,v1579318599,2.34,,x,,,0
2014,Atlantic [1],N1,Age,Number,223,units,0,v1579318604,2.39,,x,,,0
2015,Atlantic [1],N1,Age,Number,223,units,0,v1579318604,2.39,,x,,,0
2016,Atlantic [1],N1,Age,Number,223,units,0,v1579318604,2.39,,x,,,0
2017,Atlantic [1],N1,Age,Number,223,units,0,v1579318604,2.39,,x,,,0
2018,Atlantic [1],N1,Age,Number,223,units,0,v1579318604,2.39,,x,,,0
2019,Atlantic [1],N1,Age,Number,223,units,0,v1579318604,2.39,,x,,,0
2020,Atlantic [1],N1,Age,Number,223,units,0,v1579318604,2.39,,x,,,0
2021,Atlantic [1],N1,Age,Number,223,units,0,v1579318604,2.39,,x,,,0
2022,Atlantic [1],N1,Age,Number,223,units,0,v1579318604,2.39,,x,,,0
2023,Atlantic [1],N1,Age,Number,223,units,0,v1579318604,2.39,,x,,,0
2021,Atlantic [1],N1,Immigrants / Newcomers to Canada,Number,223,units,0,v1593158634,2.82,,..,,,0
2022,Atlantic [1],N1,Immigrants / Newcomers to Canada,Number,223,units,0,v1593158634,2.82,,..,,,0
2023,Atlantic [1],N1,Immigrants / Newcomers to Canada,Number,223,units,0,v1593158634,2.82,,x,,,0
2014,Atlantic [1],N1,Other similar factor,Number,223,units,0,v1579318610,2.45,,x,,,0
2015,Atlantic [1],N1,Other similar factor,Number,223,units,0,v1579318610,2.45,,x,,,0
2016,Atlantic [1],N1,Other similar factor,Number,223,units,0,v1579318610,2.45,,x,,,0
2017,Atlantic [1],N1,Other similar factor,Number,223,units,0,v1579318610,2.45,,x,,,0
2018,Atlantic [1],N1,Other similar factor,Number,223,units,0,v1579318610,2.45,,x,,,0
2019,Atlantic [1],N1,Other similar factor,Number,223,units,0,v1579318610,2.45,,x,,,0
2020,Atlantic [1],N1,Other similar factor,Number,223,units,0,v1579318610,2.45,,x,,,0
2021,Atlantic [1],N1,Other similar factor,Number,223,units,0,v1579318610,2.45,,x,,,0
2022,Atlantic [1],N1,Other similar factor,Number,223,units,0,v1579318610,2.45,,x,,,0
2023,Atlantic [1],N1,Other similar factor,Number,223,units,0,v1579318610,2.45,,x,,,0
2021,Atlantic [1],N1,Combination (More than 2 motivations),Number,223,units,0,v1593158635,2.83,,..,,,0
2022,Atlantic [1],N1,Combination (More than 2 motivations),Number,223,units,0,v1593158635,2.83,,..,,,0
2023,Atlantic [1],N1,Combination (More than 2 motivations),Number,223,units,0,v1593158635,2.83,,x,,,0
2014,Atlantic [1],N1,Unknown motivation,Number,223,units,0,v1579318611,2.46,,x,,,0
2015,Atlantic [1],N1,Unknown motivation,Number,223,units,0,v1579318611,2.46,,x,,,0
2016,Atlantic [1],N1,Unknown motivation,Number,223,units,0,v1579318611,2.46,,x,,,0
2017,Atlantic [1],N1,Unknown motivation,Number,223,units,0,v1579318611,2.46,,x,,,0
2018,Atlantic [1],N1,Unknown motivation,Number,223,units,0,v1579318611,2.46,,x,,,0
2019,Atlantic [1],N1,Unknown motivation,Number,223,units,0,v1579318611,2.46,,x,,,0
2020,Atlantic [1],N1,Unknown motivation,Number,223,units,0,v1579318611,2.46,,x,,,0
2021,Atlantic [1],N1,Unknown motivation,Number,223,units,0,v1579318611,2.46,,x,,,0
2022,Atlantic [1],N1,Unknown motivation,Number,223,units,0,v1579318611,2.46,,x,,,0
2023,Atlantic [1],N1,Unknown motivation,Number,223,units,0,v1579318611,2.46,,x,,,0
2014,Quebec [24],2021A000224,Race or ethnicity,Number,223,units,0,v1579318613,3.2,82,,,,0
2015,Quebec [24],2021A000224,Race or ethnicity,Number,223,units,0,v1579318613,3.2,84,,,,0
2016,Quebec [24],2021A000224,Race or ethnicity,Number,223,units,0,v1579318613,3.2,118,,,,0
2017,Quebec [24],2021A000224,Race or ethnicity,Number,223,units,0,v1579318613,3.2,145,,,,0
2018,Quebec [24],2021A000224,Race or ethnicity,Number,223,units,0,v1579318613,3.2,131,,,,0
2019,Quebec [24],2021A000224,Race or ethnicity,Number,223,units,0,v1579318613,3.2,157,,,,0
2020,Quebec [24],2021A000224,Race or ethnicity,Number,223,units,0,v1579318613,3.2,208,,,,0
2021,Quebec [24],2021A000224,Race or ethnicity,Number,223,units,0,v1579318613,3.2,218,,,,0
2022,Quebec [24],2021A000224,Race or ethnicity,Number,223,units,0,v1579318613,3.2,224,,,,0
2023,Quebec [24],2021A000224,Race or ethnicity,Number,223,units,0,v1579318613,3.2,337,,,,0
2014,Quebec [24],2021A000224,Religion,Number,223,units,0,v1579318623,3.12,93,,,,0
2015,Quebec [24],2021A000224,Religion,Number,223,units,0,v1579318623,3.12,127,,,,0
2016,Quebec [24],2021A000224,Religion,Number,223,units,0,v1579318623,3.12,116,,,,0
2017,Quebec [24],2021A000224,Religion,Number,223,units,0,v1579318623,3.12,226,,,,0
2018,Quebec [24],2021A000224,Religion,Number,223,units,0,v1579318623,3.12,139,,,,0
2019,Quebec [24],2021A000224,Religion,Number,223,units,0,v1579318623,3.12,137,,,,0
2020,Quebec [24],2021A000224,Religion,Number,223,units,0,v1579318623,3.12,90,,,,0
2021,Quebec [24],2021A000224,Religion,Number,223,units,0,v1579318623,3.12,118,,,,0
2022,Quebec [24],2021A000224,Religion,Number,223,units,0,v1579318623,3.12,80,,,,0
2023,Quebec [24],2021A000224,Religion,Number,223,units,0,v1579318623,3.12,197,,,,0
2014,Quebec [24],2021A000224,Sexual orientation,Number,223,units,0,v1579318629,3.18,27,,,,0
2015,Quebec [24],2021A000224,Sexual orientation,Number,223,units,0,v1579318629,3.18,12,,,,0
2016,Quebec [24],2021A000224,Sexual orientation,Number,223,units,0,v1579318629,3.18,27,,,,0
2017,Quebec [24],2021A000224,Sexual orientation,Number,223,units,0,v1579318629,3.18,42,,,,0
2018,Quebec [24],2021A000224,Sexual orientation,Number,223,units,0,v1579318629,3.18,27,,,,0
2019,Quebec [24],2021A000224,Sexual orientation,Number,223,units,0,v1579318629,3.18,29,,,,0
2020,Quebec [24],2021A000224,Sexual orientation,Number,223,units,0,v1579318629,3.18,35,,,,0
2021,Quebec [24],2021A000224,Sexual orientation,Number,223,units,0,v1579318629,3.18,40,,,,0
2022,Quebec [24],2021A000224,Sexual orientation,Number,223,units,0,v1579318629,3.18,41,,,,0
2023,Quebec [24],2021A000224,Sexual orientation,Number,223,units,0,v1579318629,3.18,93,,,,0
2014,Quebec [24],2021A000224,Language,Number,223,units,0,v1579318635,3.24,,x,,,0
2015,Quebec [24],2021A000224,Language,Number,223,units,0,v1579318635,3.24,,x,,,0
2016,Quebec [24],2021A000224,Language,Number,223,units,0,v1579318635,3.24,,x,,,0
2017,Quebec [24],2021A000224,Language,Number,223,units,0,v1579318635,3.24,,x,,,0
2018,Quebec [24],2021A000224,Language,Number,223,units,0,v1579318635,3.24,,x,,,0
2019,Quebec [24],2021A000224,Language,Number,223,units,0,v1579318635,3.24,,x,,,0
2020,Quebec [24],2021A000224,Language,Number,223,units,0,v1579318635,3.24,,x,,,0
2021,Quebec [24],2021A000224,Language,Number,223,units,0,v1579318635,3.24,,x,,,0
2022,Quebec [24],2021A000224,Language,Number,223,units,0,v1579318635,3.24,,x,,,0
2023,Quebec [24],2021A000224,Language,Number,223,units,0,v1579318635,3.24,,x,,,0
2014,Quebec [24],2021A000224,Mental or Physical Disability,Number,223,units,0,v1579318640,3.29,,x,,,0
2015,Quebec [24],2021A000224,Mental or Physical Disability,Number,223,units,0,v1579318640,3.29,,x,,,0
2016,Quebec [24],2021A000224,Mental or Physical Disability,Number,223,units,0,v1579318640,3.29,,x,,,0
2017,Quebec [24],2021A000224,Mental or Physical Disability,Number,223,units,0,v1579318640,3.29,,x,,,0
2018,Quebec [24],2021A000224,Mental or Physical Disability,Number,223,units,0,v1579318640,3.29,,x,,,0
2019,Quebec [24],2021A000224,Mental or Physical Disability,Number,223,units,0,v1579318640,3.29,,x,,,0
2020,Quebec [24],2021A000224,Mental or Physical Disability,Number,223,units,0,v1579318640,3.29,,x,,,0
2021,Quebec [24],2021A000224,Mental or Physical Disability,Number,223,units,0,v1579318640,3.29,,x,,,0
2022,Quebec [24],2021A000224,Mental or Physical Disability,Number,223,units,0,v1579318640,3.29,,x,,,0
2023,Quebec [24],2021A000224,Mental or Physical Disability,Number,223,units,0,v1579318640,3.29,,x,,,0
2014,Quebec [24],2021A000224,Sex and gender,Number,223,units,0,v1579318645,3.34,,x,,,0
2015,Quebec [24],2021A000224,Sex and gender,Number,223,units,0,v1579318645,3.34,,x,,,0
2016,Quebec [24],2021A000224,Sex and gender,Number,223,units,0,v1579318645,3.34,,x,,,0
2017,Quebec [24],2021A000224,Sex and gender,Number,223,units,0,v1579318645,3.34,,x,,,0
2018,Quebec [24],2021A000224,Sex and gender,Number,223,units,0,v1579318645,3.34,,x,,,0
2019,Quebec [24],2021A000224,Sex and gender,Number,223,units,0,v1579318645,3.34,,x,,,0
2020,Quebec [24],2021A000224,Sex and gender,Number,223,units,0,v1579318645,3.34,,x,,,0
2021,Quebec [24],2021A000224,Sex and gender,Number,223,units,0,v1579318645,3.34,,x,,,0
2022,Quebec [24],2021A000224,Sex and gender,Number,223,units,0,v1579318645,3.34,,x,,,0
2023,Quebec [24],2021A000224,Sex and gender,Number,223,units,0,v1579318645,3.34,,x,,,0
2014,Quebec [24],2021A000224,Age,Number,223,units,0,v1579318650,3.39,,x,,,0
2015,Quebec [24],2021A000224,Age,Number,223,units,0,v1579318650,3.39,,x,,,0
2016,Quebec [24],2021A000224,Age,Number,223,units,0,v1579318650,3.39,,x,,,0
2017,Quebec [24],2021A000224,Age,Number,223,units,0,v1579318650,3.39,,x,,,0
2018,Quebec [24],2021A000224,Age,Number,223,units,0,v1579318650,3.39,,x,,,0
2019,Quebec [24],2021A000224,Age,Number,223,units,0,v1579318650,3.39,,x,,,0
2020,Quebec [24],2021A000224,Age,Number,223,units,0,v1579318650,3.39,,x,,,0
2021,Quebec [24],2021A000224,Age,Number,223,units,0,v1579318650,3.39,,x,,,0
2022,Quebec [24],2021A000224,Age,Number,223,units,0,v1579318650,3.39,,x,,,0
2023,Quebec [24],2021A000224,Age,Number,223,units,0,v1579318650,3.39,,x,,,0
2021,Quebec [24],2021A000224,Immigrants / Newcomers to Canada,Number,223,units,0,v1593158671,3.82,,..,,,0
2022,Quebec [24],2021A000224,Immigrants / Newcomers to Canada,Number,223,units,0,v1593158671,3.82,,..,,,0
2023,Quebec [24],2021A000224,Immigrants / Newcomers to Canada,Number,223,units,0,v1593158671,3.82,,x,,,0
2014,Quebec [24],2021A000224,Other similar factor,Number,223,units,0,v1579318656,3.45,,x,,,0
2015,Quebec [24],2021A000224,Other similar factor,Number,223,units,0,v1579318656,3.45,,x,,,0
2016,Quebec [24],2021A000224,Other similar factor,Number,223,units,0,v1579318656,3.45,,x,,,0
2017,Quebec [24],2021A000224,Other similar factor,Number,223,units,0,v1579318656,3.45,,x,,,0
2018,Quebec [24],2021A000224,Other similar factor,Number,223,units,0,v1579318656,3.45,,x,,,0
2019,Quebec [24],2021A000224,Other similar factor,Number,223,units,0,v1579318656,3.45,,x,,,0
2020,Quebec [24],2021A000224,Other similar factor,Number,223,units,0,v1579318656,3.45,,x,,,0
2021,Quebec [24],2021A000224,Other similar factor,Number,223,units,0,v1579318656,3.45,,x,,,0
2022,Quebec [24],2021A000224,Other similar factor,Number,223,units,0,v1579318656,3.45,,x,,,0
2023,Quebec [24],2021A000224,Other similar factor,Number,223,units,0,v1579318656,3.45,,x,,,0
2021,Quebec [24],2021A000224,Combination (More than 2 motivations),Number,223,units,0,v1593158672,3.83,,..,,,0
2022,Quebec [24],2021A000224,Combination (More than 2 motivations),Number,223,units,0,v1593158672,3.83,,..,,,0
2023,Quebec [24],2021A000224,Combination (More than 2 motivations),Number,223,units,0,v1593158672,3.83,,x,,,0
2014,Quebec [24],2021A000224,Unknown motivation,Number,223,units,0,v1579318657,3.46,,x,,,0
2015,Quebec [24],2021A000224,Unknown motivation,Number,223,units,0,v1579318657,3.46,,x,,,0
2016,Quebec [24],2021A000224,Unknown motivation,Number,223,units,0,v1579318657,3.46,,x,,,0
2017,Quebec [24],2021A000224,Unknown motivation,Number,223,units,0,v1579318657,3.46,,x,,,0
2018,Quebec [24],2021A000224,Unknown motivation,Number,223,units,0,v1579318657,3.46,,x,,,0
2019,Quebec [24],2021A000224,Unknown motivation,Number,223,units,0,v1579318657,3.46,,x,,,0
2020,Quebec [24],2021A000224,Unknown motivation,Number,223,units,0,v1579318657,3.46,,x,,,0
2021,Quebec [24],2021A000224,Unknown motivation,Number,223,units,0,v1579318657,3.46,,x,,,0
2022,Quebec [24],2021A000224,Unknown motivation,Number,223,units,0,v1579318657,3.46,,x,,,0
2023,Quebec [24],2021A000224,Unknown motivation,Number,223,units,0,v1579318657,3.46,,x,,,0
2014,Ontario [35],2021A000235,Race or ethnicity,Number,223,units,0,v1579318659,4.2,315,,,,0
2015,Ontario [35],2021A000235,Race or ethnicity,Number,223,units,0,v1579318659,4.2,308,,,,0
2016,Ontario [35],2021A000235,Race or ethnicity,Number,223,units,0,v1579318659,4.2,273,,,,0
2017,Ontario [35],2021A000235,Race or ethnicity,Number,223,units,0,v1579318659,4.2,428,,,,0
2018,Ontario [35],2021A000235,Race or ethnicity,Number,223,units,0,v1579318659,4.2,346,,,,0
2019,Ontario [35],2021A000235,Race or ethnicity,Number,223,units,0,v1579318659,4.2,376,,,,0
2020,Ontario [35],2021A000235,Race or ethnicity,Number,223,units,0,v1579318659,4.2,702,,,,0
2021,Ontario [35],2021A000235,Race or ethnicity,Number,223,units,0,v1579318659,4.2,843,,,,0
2022,Ontario [35],2021A000235,Race or ethnicity,Number,223,units,0,v1579318659,4.2,1031,,,,0
2023,Ontario [35],2021A000235,Race or ethnicity,Number,223,units,0,v1579318659,4.2,948,,,,0
2014,Ontario [35],2021A000235,Religion,Number,223,units,0,v1579318669,4.12,246,,,,0
2015,Ontario [35],2021A000235,Religion,Number,223,units,0,v1579318669,4.12,224,,,,0
2016,Ontario [35],2021A000235,Religion,Number,223,units,0,v1579318669,4.12,242,,,,0
2017,Ontario [35],2021A000235,Religion,Number,223,units,0,v1579318669,4.12,437,,,,0
2018,Ontario [35],2021A000235,Religion,Number,223,units,0,v1579318669,4.12,326,,,,0
2019,Ontario [35],2021A000235,Religion,Number,223,units,0,v1579318669,4.12,312,,,,0
2020,Ontario [35],2021A000235,Religion,Number,223,units,0,v1579318669,4.12,297,,,,0
2021,Ontario [35],2021A000235,Religion,Number,223,units,0,v1579318669,4.12,455,,,,0
2022,Ontario [35],2021A000235,Religion,Number,223,units,0,v1579318669,4.12,499,,,,0
2023,Ontario [35],2021A000235,Religion,Number,223,units,0,v1579318669,4.12,780,,,,0
2014,Ontario [35],2021A000235,Sexual orientation,Number,223,units,0,v1579318675,4.18,70,,,,0
2015,Ontario [35],2021A000235,Sexual orientation,Number,223,units,0,v1579318675,4.18,69,,,,0
2016,Ontario [35],2021A000235,Sexual orientation,Number,223,units,0,v1579318675,4.18,76,,,,0
2017,Ontario [35],2021A000235,Sexual orientation,Number,223,units,0,v1579318675,4.18,114,,,,0
2018,Ontario [35],2021A000235,Sexual orientation,Number,223,units,0,v1579318675,4.18,83,,,,0
2019,Ontario [35],2021A000235,Sexual orientation,Number,223,units,0,v1579318675,4.18,119,,,,0
2020,Ontario [35],2021A000235,Sexual orientation,Number,223,units,0,v1579318675,4.18,112,,,,0
2021,Ontario [35],2021A000235,Sexual orientation,Number,223,units,0,v1579318675,4.18,242,,,,0
2022,Ontario [35],2021A000235,Sexual orientation,Number,223,units,0,v1579318675,4.18,286,,,,0
2023,Ontario [35],2021A000235,Sexual orientation,Number,223,units,0,v1579318675,4.18,446,,,,0
2014,Ontario [35],2021A000235,Language,Number,223,units,0,v1579318681,4.24,,x,,,0
2015,Ontario [35],2021A000235,Language,Number,223,units,0,v1579318681,4.24,,x,,,0
2016,Ontario [35],2021A000235,Language,Number,223,units,0,v1579318681,4.24,,x,,,0
2017,Ontario [35],2021A000235,Language,Number,223,units,0,v1579318681,4.24,,x,,,0
2018,Ontario [35],2021A000235,Language,Number,223,units,0,v1579318681,4.24,,x,,,0
2019,Ontario [35],2021A000235,Language,Number,223,units,0,v1579318681,4.24,,x,,,0
2020,Ontario [35],2021A000235,Language,Number,223,units,0,v1579318681,4.24,,x,,,0
2021,Ontario [35],2021A000235,Language,Number,223,units,0,v1579318681,4.24,,x,,,0
2022,Ontario [35],2021A000235,Language,Number,223,units,0,v1579318681,4.24,,x,,,0
2023,Ontario [35],2021A000235,Language,Number,223,units,0,v1579318681,4.24,,x,,,0
2014,Ontario [35],2021A000235,Mental or Physical Disability,Number,223,units,0,v1579318686,4.29,,x,,,0
2015,Ontario [35],2021A000235,Mental or Physical Disability,Number,223,units,0,v1579318686,4.29,,x,,,0
2016,Ontario [35],2021A000235,Mental or Physical Disability,Number,223,units,0,v1579318686,4.29,,x,,,0
2017,Ontario [35],2021A000235,Mental or Physical Disability,Number,223,units,0,v1579318686,4.29,,x,,,0
2018,Ontario [35],2021A000235,Mental or Physical Disability,Number,223,units,0,v1579318686,4.29,,x,,,0
2019,Ontario [35],2021A000235,Mental or Physical Disability,Number,223,units,0,v1579318686,4.29,,x,,,0
2020,Ontario [35],2021A000235,Mental or Physical Disability,Number,223,units,0,v1579318686,4.29,,x,,,0
2021,Ontario [35],2021A000235,Mental or Physical Disability,Number,223,units,0,v1579318686,4.29,,x,,,0
2022,Ontario [35],2021A000235,Mental or Physical Disability,Number,223,units,0,v1579318686,4.29,,x,,,0
2023,Ontario [35],2021A000235,Mental or Physical Disability,Number,223,units,0,v1579318686,4.29,,x,,,0
2014,Ontario [35],2021A000235,Sex and gender,Number,223,units,0,v1579318691,4.34,,x,,,0
2015,Ontario [35],2021A000235,Sex and gender,Number,223,units,0,v1579318691,4.34,,x,,,0
2016,Ontario [35],2021A000235,Sex and gender,Number,223,units,0,v1579318691,4.34,,x,,,0
2017,Ontario [35],2021A000235,Sex and gender,Number,223,units,0,v1579318691,4.34,,x,,,0
2018,Ontario [35],2021A000235,Sex and gender,Number,223,units,0,v1579318691,4.34,,x,,,0
2019,Ontario [35],2021A000235,Sex and gender,Number,223,units,0,v1579318691,4.34,,x,,,0
2020,Ontario [35],2021A000235,Sex and gender,Number,223,units,0,v1579318691,4.34,,x,,,0
2021,Ontario [35],2021A000235,Sex and gender,Number,223,units,0,v1579318691,4.34,,x,,,0
2022,Ontario [35],2021A000235,Sex and gender,Number,223,units,0,v1579318691,4.34,,x,,,0
2023,Ontario [35],2021A000235,Sex and gender,Number,223,units,0,v1579318691,4.34,,x,,,0
2014,Ontario [35],2021A000235,Age,Number,223,units,0,v1579318696,4.39,,x,,,0
2015,Ontario [35],2021A000235,Age,Number,223,units,0,v1579318696,4.39,,x,,,0
2016,Ontario [35],2021A000235,Age,Number,223,units,0,v1579318696,4.39,,x,,,0
2017,Ontario [35],2021A000235,Age,Number,223,units,0,v1579318696,4.39,,x,,,0
2018,Ontario [35],2021A000235,Age,Number,223,units,0,v1579318696,4.39,,x,,,0
2019,Ontario [35],2021A000235,Age,Number,223,units,0,v1579318696,4.39,,x,,,0
2020,Ontario [35],2021A000235,Age,Number,223,units,0,v1579318696,4.39,,x,,,0
2021,Ontario [35],2021A000235,Age,Number,223,units,0,v1579318696,4.39,,x,,,0
2022,Ontario [35],2021A000235,Age,Number,223,units,0,v1579318696,4.39,,x,,,0
2023,Ontario [35],2021A000235,Age,Number,223,units,0,v1579318696,4.39,,x,,,0
2021,Ontario [35],2021A000235,Immigrants / Newcomers to Canada,Number,223,units,0,v1593158708,4.82,,..,,,0
2022,Ontario [35],2021A000235,Immigrants / Newcomers to Canada,Number,223,units,0,v1593158708,4.82,,..,,,0
2023,Ontario [35],2021A000235,Immigrants / Newcomers to Canada,Number,223,units,0,v1593158708,4.82,,x,,,0
2014,Ontario [35],2021A000235,Other similar factor,Number,223,units,0,v1579318702,4.45,,x,,,0
2015,Ontario [35],2021A000235,Other similar factor,Number,223,units,0,v1579318702,4.45,,x,,,0
2016,Ontario [35],2021A000235,Other similar factor,Number,223,units,0,v1579318702,4.45,,x,,,0
2017,Ontario [35],2021A000235,Other similar factor,Number,223,units,0,v1579318702,4.45,,x,,,0
2018,Ontario [35],2021A000235,Other similar factor,Number,223,units,0,v1579318702,4.45,,x,,,0
2019,Ontario [35],2021A000235,Other similar factor,Number,223,units,0,v1579318702,4.45,,x,,,0
2020,Ontario [35],2021A000235,Other similar factor,Number,223,units,0,v1579318702,4.45,,x,,,0
2021,Ontario [35],2021A000235,Other similar factor,Number,223,units,0,v1579318702,4.45,,x,,,0
2022,Ontario [35],2021A000235,Other similar factor,Number,223,units,0,v1579318702,4.45,,x,,,0
2023,Ontario [35],2021A000235,Other similar factor,Number,223,units,0,v1579318702,4.45,,x,,,0
2021,Ontario [35],2021A000235,Combination (More than 2 motivations),Number,223,units,0,v1593158709,4.83,,..,,,0
2022,Ontario [35],2021A000235,Combination (More than 2 motivations),Number,223,units,0,v1593158709,4.83,,..,,,0
2023,Ontario [35],2021A000235,Combination (More than 2 motivations),Number,223,units,0,v1593158709,4.83,,x,,,0
2014,Ontario [35],2021A000235,Unknown motivation,Number,223,units,0,v1579318703,4.46,,x,,,0
2015,Ontario [35],2021A000235,Unknown motivation,Number,223,units,0,v1579318703,4.46,,x,,,0
2016,Ontario [35],2021A000235,Unknown motivation,Number,223,units,0,v1579318703,4.46,,x,,,0
2017,Ontario [35],2021A000235,Unknown motivation,Number,223,units,0,v1579318703,4.46,,x,,,0
2018,Ontario [35],2021A000235,Unknown motivation,Number,223,units,0,v1579318703,4.46,,x,,,0
2019,Ontario [35],2021A000235,Unknown motivation,Number,223,units,0,v1579318703,4.46,,x,,,0
2020,Ontario [35],2021A000235,Unknown motivation,Number,223,units,0,v1579318703,4.46,,x,,,0
2021,Ontario [35],2021A000235,Unknown motivation,Number,223,units,0,v1579318703,4.46,,x,,,0
2022,Ontario [35],2021A000235,Unknown motivation,Number,223,units,0,v1579318703,4.46,,x,,,0
2023,Ontario [35],2021A000235,Unknown motivation,Number,223,units,0,v1579318703,4.46,,x,,,0
2014,Manitoba [46],2021A000246,Race or ethnicity,Number,223,units,0,v1579318705,5.2,9,,,,0
2015,Manitoba [46],2021A000246,Race or ethnicity,Number,223,units,0,v1579318705,5.2,18,,,,0
2016,Manitoba [46],2021A000246,Race or ethnicity,Number,223,units,0,v1579318705,5.2,17,,,,0
2017,Manitoba [46],2021A000246,Race or ethnicity,Number,223,units,0,v1579318705,5.2,23,,,,0
2018,Manitoba [46],2021A000246,Race or ethnicity,Number,223,units,0,v1579318705,5.2,23,,,,0
2019,Manitoba [46],2021A000246,Race or ethnicity,Number,223,units,0,v1579318705,5.2,28,,,,0
2020,Manitoba [46],2021A000246,Race or ethnicity,Number,223,units,0,v1579318705,5.2,31,,,,0
2021,Manitoba [46],2021A000246,Race or ethnicity,Number,223,units,0,v1579318705,5.2,33,,,,0
2022,Manitoba [46],2021A000246,Race or ethnicity,Number,223,units,0,v1579318705,5.2,32,,,,0
2023,Manitoba [46],2021A000246,Race or ethnicity,Number,223,units,0,v1579318705,5.2,54,,,,0
2014,Manitoba [46],2021A000246,Religion,Number,223,units,0,v1579318715,5.12,7,,,,0
2015,Manitoba [46],2021A000246,Religion,Number,223,units,0,v1579318715,5.12,4,,,,0
2016,Manitoba [46],2021A000246,Religion,Number,223,units,0,v1579318715,5.12,13,,,,0
2017,Manitoba [46],2021A000246,Religion,Number,223,units,0,v1579318715,5.12,10,,,,0
2018,Manitoba [46],2021A000246,Religion,Number,223,units,0,v1579318715,5.12,11,,,,0
2019,Manitoba [46],2021A000246,Religion,Number,223,units,0,v1579318715,5.12,22,,,,0
2020,Manitoba [46],2021A000246,Religion,Number,223,units,0,v1579318715,5.12,18,,,,0
2021,Manitoba [46],2021A000246,Religion,Number,223,units,0,v1579318715,5.12,27,,,,0
2022,Manitoba [46],2021A000246,Religion,Number,223,units,0,v1579318715,5.12,14,,,,0
2023,Manitoba [46],2021A000246,Religion,Number,223,units,0,v1579318715,5.12,28,,,,0
2014,Manitoba [46],2021A000246,Sexual orientation,Number,223,units,0,v1579318721,5.18,1,,,,0
2015,Manitoba [46],2021A000246,Sexual orientation,Number,223,units,0,v1579318721,5.18,4,,,,0
2016,Manitoba [46],2021A000246,Sexual orientation,Number,223,units,0,v1579318721,5.18,4,,,,0
2017,Manitoba [46],2021A000246,Sexual orientation,Number,223,units,0,v1579318721,5.18,1,,,,0
2018,Manitoba [46],2021A000246,Sexual orientation,Number,223,units,0,v1579318721,5.18,6,,,,0
2019,Manitoba [46],2021A000246,Sexual orientation,Number,223,units,0,v1579318721,5.18,4,,,,0
2020,Manitoba [46],2021A000246,Sexual orientation,Number,223,units,0,v1579318721,5.18,7,,,,0
2021,Manitoba [46],2021A000246,Sexual orientation,Number,223,units,0,v1579318721,5.18,9,,,,0
2022,Manitoba [46],2021A000246,Sexual orientation,Number,223,units,0,v1579318721,5.18,9,,,,0
2023,Manitoba [46],2021A000246,Sexual orientation,Number,223,units,0,v1579318721,5.18,22,,,,0
2014,Manitoba [46],2021A000246,Language,Number,223,units,0,v1579318727,5.24,,x,,,0
2015,Manitoba [46],2021A000246,Language,Number,223,units,0,v1579318727,5.24,,x,,,0
2016,Manitoba [46],2021A000246,Language,Number,223,units,0,v1579318727,5.24,,x,,,0
2017,Manitoba [46],2021A000246,Language,Number,223,units,0,v1579318727,5.24,,x,,,0
2018,Manitoba [46],2021A000246,Language,Number,223,units,0,v1579318727,5.24,,x,,,0
2019,Manitoba [46],2021A000246,Language,Number,223,units,0,v1579318727,5.24,,x,,,0
2020,Manitoba [46],2021A000246,Language,Number,223,units,0,v1579318727,5.24,,x,,,0
2021,Manitoba [46],2021A000246,Language,Number,223,units,0,v1579318727,5.24,,x,,,0
2022,Manitoba [46],2021A000246,Language,Number,223,units,0,v1579318727,5.24,,x,,,0
2023,Manitoba [46],2021A000246,Language,Number,223,units,0,v1579318727,5.24,,x,,,0
2014,Manitoba [46],2021A000246,Mental or Physical Disability,Number,223,units,0,v1579318732,5.29,,x,,,0
2015,Manitoba [46],2021A000246,Mental or Physical Disability,Number,223,units,0,v1579318732,5.29,,x,,,0
2016,Manitoba [46],2021A000246,Mental or Physical Disability,Number,223,units,0,v1579318732,5.29,,x,,,0
2017,Manitoba [46],2021A000246,Mental or Physical Disability,Number,223,units,0,v1579318732,5.29,,x,,,0
2018,Manitoba [46],2021A000246,Mental or Physical Disability,Number,223,units,0,v1579318732,5.29,,x,,,0
2019,Manitoba [46],2021A000246,Mental or Physical Disability,Number,223,units,0,v1579318732,5.29,,x,,,0
2020,Manitoba [46],2021A000246,Mental or Physical Disability,Number,223,units,0,v1579318732,5.29,,x,,,0
2021,Manitoba [46],2021A000246,Mental or Physical Disability,Number,223,units,0,v1579318732,5.29,,x,,,0
2022,Manitoba [46],2021A000246,Mental or Physical Disability,Number,223,units,0,v1579318732,5.29,,x,,,0
2023,Manitoba [46],2021A000246,Mental or Physical Disability,Number,223,units,0,v1579318732,5.29,,x,,,0
2014,Manitoba [46],2021A000246,Sex and gender,Number,223,units,0,v1579318737,5.34,,x,,,0
2015,Manitoba [46],2021A000246,Sex and gender,Number,223,units,0,v1579318737,5.34,,x,,,0
2016,Manitoba [46],2021A000246,Sex and gender,Number,223,units,0,v1579318737,5.34,,x,,,0
2017,Manitoba [46],2021A000246,Sex and gender,Number,223,units,0,v1579318737,5.34,,x,,,0
2018,Manitoba [46],2021A000246,Sex and gender,Number,223,units,0,v1579318737,5.34,,x,,,0
2019,Manitoba [46],2021A000246,Sex and gender,Number,223,units,0,v1579318737,5.34,,x,,,0
2020,Manitoba [46],2021A000246,Sex and gender,Number,223,units,0,v1579318737,5.34,,x,,,0
2021,Manitoba [46],2021A000246,Sex and gender,Number,223,units,0,v1579318737,5.34,,x,,,0
2022,Manitoba [46],2021A000246,Sex and gender,Number,223,units,0,v1579318737,5.34,,x,,,0
2023,Manitoba [46],2021A000246,Sex and gender,Number,223,units,0,v1579318737,5.34,,x,,,0
2014,Manitoba [46],2021A000246,Age,Number,223,units,0,v1579318742,5.39,,x,,,0
2015,Manitoba [46],2021A000246,Age,Number,223,units,0,v1579318742,5.39,,x,,,0
2016,Manitoba [46],2021A000246,Age,Number,223,units,0,v1579318742,5.39,,x,,,0
2017,Manitoba [46],2021A000246,Age,Number,223,units,0,v1579318742,5.39,,x,,,0
2018,Manitoba [46],2021A000246,Age,Number,223,units,0,v1579318742,5.39,,x,,,0
2019,Manitoba [46],2021A000246,Age,Number,223,units,0,v1579318742,5.39,,x,,,0
2020,Manitoba [46],2021A000246,Age,Number,223,units,0,v1579318742,5.39,,x,,,0
2021,Manitoba [46],2021A000246,Age,Number,223,units,0,v1579318742,5.39,,x,,,0
2022,Manitoba [46],2021A000246,Age,Number,223,units,0,v1579318742,5.39,,x,,,0
2023,Manitoba [46],2021A000246,Age,Number,223,units,0,v1579318742,5.39,,x,,,0
2021,Manitoba [46],2021A000246,Immigrants / Newcomers to Canada,Number,223,units,0,v1593158745,5.82,,..,,,0
2022,Manitoba [46],2021A000246,Immigrants / Newcomers to Canada,Number,223,units,0,v1593158745,5.82,,..,,,0
2023,Manitoba [46],2021A000246,Immigrants / Newcomers to Canada,Number,223,units,0,v1593158745,5.82,,x,,,0
2014,Manitoba [46],2021A000246,Other similar factor,Number,223,units,0,v1579318748,5.45,,x,,,0
2015,Manitoba [46],2021A000246,Other similar factor,Number,223,units,0,v1579318748,5.45,,x,,,0
2016,Manitoba [46],2021A000246,Other similar factor,Number,223,units,0,v1579318748,5.45,,x,,,0
2017,Manitoba [46],2021A000246,Other similar factor,Number,223,units,0,v1579318748,5.45,,x,,,0
2018,Manitoba [46],2021A000246,Other similar factor,Number,223,units,0,v1579318748,5.45,,x,,,0
2019,Manitoba [46],2021A000246,Other similar factor,Number,223,units,0,v1579318748,5.45,,x,,,0
2020,Manitoba [46],2021A000246,Other similar factor,Number,223,units,0,v1579318748,5.45,,x,,,0
2021,Manitoba [46],2021A000246,Other similar factor,Number,223,units,0,v1579318748,5.45,,x,,,0
2022,Manitoba [46],2021A000246,Other similar factor,Number,223,units,0,v1579318748,5.45,,x,,,0
2023,Manitoba [46],2021A000246,Other similar factor,Number,223,units,0,v1579318748,5.45,,x,,,0
2021,Manitoba [46],2021A000246,Combination (More than 2 motivations),Number,223,units,0,v1593158746,5.83,,..,,,0
2022,Manitoba [46],2021A000246,Combination (More than 2 motivations),Number,223,units,0,v1593158746,5.83,,..,,,0
2023,Manitoba [46],2021A000246,Combination (More than 2 motivations),Number,223,units,0,v1593158746,5.83,,x,,,0
2014,Manitoba [46],2021A000246,Unknown motivation,Number,223,units,0,v1579318749,5.46,,x,,,0
2015,Manitoba [46],2021A000246,Unknown motivation,Number,223,units,0,v1579318749,5.46,,x,,,0
2016,Manitoba [46],2021A000246,Unknown motivation,Number,223,units,0,v1579318749,5.46,,x,,,0
2017,Manitoba [46],2021A000246,Unknown motivation,Number,223,units,0,v1579318749,5.46,,x,,,0
2018,Manitoba [46],2021A000246,Unknown motivation,Number,223,units,0,v1579318749,5.46,,x,,,0
2019,Manitoba [46],2021A000246,Unknown motivation,Number,223,units,0,v1579318749,5.46,,x,,,0
2020,Manitoba [46],2021A000246,Unknown motivation,Number,223,units,0,v1579318749,5.46,,x,,,0
2021,Manitoba [46],2021A000246,Unknown motivation,Number,223,units,0,v1579318749,5.46,,x,,,0
2022,Manitoba [46],2021A000246,Unknown motivation,Number,223,units,0,v1579318749,5.46,,x,,,0
2023,Manitoba [46],2021A000246,Unknown motivation,Number,223,units,0,v1579318749,5.46,,x,,,0
2014,Saskatchewan [47],2021A000247,Race or ethnicity,Number,223,units,0,v1579318751,6.2,9,,,,0
2015,Saskatchewan [47],2021A000247,Race or ethnicity,Number,223,units,0,v1579318751,6.2,11,,,,0
2016,Saskatchewan [47],2021A000247,Race or ethnicity,Number,223,units,0,v1579318751,6.2,16,,,,0
2017,Saskatchewan [47],2021A000247,Race or ethnicity,Number,223,units,0,v1579318751,6.2,13,,,,0
2018,Saskatchewan [47],2021A000247,Race or ethnicity,Number,223,units,0,v1579318751,6.2,17,,,,0
2019,Saskatchewan [47],2021A000247,Race or ethnicity,Number,223,units,0,v1579318751,6.2,15,,,,0
2020,Saskatchewan [47],2021A000247,Race or ethnicity,Number,223,units,0,v1579318751,6.2,28,,,,0
2021,Saskatchewan [47],2021A000247,Race or ethnicity,Number,223,units,0,v1579318751,6.2,21,,,,0
2022,Saskatchewan [47],2021A000247,Race or ethnicity,Number,223,units,0,v1579318751,6.2,40,,,,0
2023,Saskatchewan [47],2021A000247,Race or ethnicity,Number,223,units,0,v1579318751,6.2,63,,,,0
2014,Saskatchewan [47],2021A000247,Religion,Number,223,units,0,v1579318761,6.12,2,,,,0
2015,Saskatchewan [47],2021A000247,Religion,Number,223,units,0,v1579318761,6.12,5,,,,0
2016,Saskatchewan [47],2021A000247,Religion,Number,223,units,0,v1579318761,6.12,6,,,,0
2017,Saskatchewan [47],2021A000247,Religion,Number,223,units,0,v1579318761,6.12,4,,,,0
2018,Saskatchewan [47],2021A000247,Religion,Number,223,units,0,v1579318761,6.12,7,,,,0
2019,Saskatchewan [47],2021A000247,Religion,Number,223,units,0,v1579318761,6.12,9,,,,0
2020,Saskatchewan [47],2021A000247,Religion,Number,223,units,0,v1579318761,6.12,9,,,,0
2021,Saskatchewan [47],2021A000247,Religion,Number,223,units,0,v1579318761,6.12,19,,,,0
2022,Saskatchewan [47],2021A000247,Religion,Number,223,units,0,v1579318761,6.12,20,,,,0
2023,Saskatchewan [47],2021A000247,Religion,Number,223,units,0,v1579318761,6.12,21,,,,0
2014,Saskatchewan [47],2021A000247,Sexual orientation,Number,223,units,0,v1579318767,6.18,2,,,,0
2015,Saskatchewan [47],2021A000247,Sexual orientation,Number,223,units,0,v1579318767,6.18,0,,,,0
2016,Saskatchewan [47],2021A000247,Sexual orientation,Number,223,units,0,v1579318767,6.18,4,,,,0
2017,Saskatchewan [47],2021A000247,Sexual orientation,Number,223,units,0,v1579318767,6.18,1,,,,0
2018,Saskatchewan [47],2021A000247,Sexual orientation,Number,223,units,0,v1579318767,6.18,4,,,,0
2019,Saskatchewan [47],2021A000247,Sexual orientation,Number,223,units,0,v1579318767,6.18,7,,,,0
2020,Saskatchewan [47],2021A000247,Sexual orientation,Number,223,units,0,v1579318767,6.18,10,,,,0
2021,Saskatchewan [47],2021A000247,Sexual orientation,Number,223,units,0,v1579318767,6.18,8,,,,0
2022,Saskatchewan [47],2021A000247,Sexual orientation,Number,223,units,0,v1579318767,6.18,11,,,,0
2023,Saskatchewan [47],2021A000247,Sexual orientation,Number,223,units,0,v1579318767,6.18,21,,,,0
2014,Saskatchewan [47],2021A000247,Language,Number,223,units,0,v1579318773,6.24,,x,,,0
2015,Saskatchewan [47],2021A000247,Language,Number,223,units,0,v1579318773,6.24,,x,,,0
2016,Saskatchewan [47],2021A000247,Language,Number,223,units,0,v1579318773,6.24,,x,,,0
2017,Saskatchewan [47],2021A000247,Language,Number,223,units,0,v1579318773,6.24,,x,,,0
2018,Saskatchewan [47],2021A000247,Language,Number,223,units,0,v1579318773,6.24,,x,,,0
2019,Saskatchewan [47],2021A000247,Language,Number,223,units,0,v1579318773,6.24,,x,,,0
2020,Saskatchewan [47],2021A000247,Language,Number,223,units,0,v1579318773,6.24,,x,,,0
2021,Saskatchewan [47],2021A000247,Language,Number,223,units,0,v1579318773,6.24,,x,,,0
2022,Saskatchewan [47],2021A000247,Language,Number,223,units,0,v1579318773,6.24,,x,,,0
2023,Saskatchewan [47],2021A000247,Language,Number,223,units,0,v1579318773,6.24,,x,,,0
2014,Saskatchewan [47],2021A000247,Mental or Physical Disability,Number,223,units,0,v1579318778,6.29,,x,,,0
2015,Saskatchewan [47],2021A000247,Mental or Physical Disability,Number,223,units,0,v1579318778,6.29,,x,,,0
2016,Saskatchewan [47],2021A000247,Mental or Physical Disability,Number,223,units,0,v1579318778,6.29,,x,,,0
2017,Saskatchewan [47],2021A000247,Mental or Physical Disability,Number,223,units,0,v1579318778,6.29,,x,,,0
2018,Saskatchewan [47],2021A000247,Mental or Physical Disability,Number,223,units,0,v1579318778,6.29,,x,,,0
2019,Saskatchewan [47],2021A000247,Mental or Physical Disability,Number,223,units,0,v1579318778,6.29,,x,,,0
2020,Saskatchewan [47],2021A000247,Mental or Physical Disability,Number,223,units,0,v1579318778,6.29,,x,,,0
2021,Saskatchewan [47],2021A000247,Mental or Physical Disability,Number,223,units,0,v1579318778,6.29,,x,,,0
2022,Saskatchewan [47],2021A000247,Mental or Physical Disability,Number,223,units,0,v1579318778,6.29,,x,,,0
2023,Saskatchewan [47],2021A000247,Mental or Physical Disability,Number,223,units,0,v1579318778,6.29,,x,,,0
2014,Saskatchewan [47],2021A000247,Sex and gender,Number,223,units,0,v1579318783,6.34,,x,,,0
2015,Saskatchewan [47],2021A000247,Sex and gender,Number,223,units,0,v1579318783,6.34,,x,,,0
2016,Saskatchewan [47],2021A000247,Sex and gender,Number,223,units,0,v1579318783,6.34,,x,,,0
2017,Saskatchewan [47],2021A000247,Sex and gender,Number,223,units,0,v1579318783,6.34,,x,,,0
2018,Saskatchewan [47],2021A000247,Sex and gender,Number,223,units,0,v1579318783,6.34,,x,,,0
2019,Saskatchewan [47],2021A000247,Sex and gender,Number,223,units,0,v1579318783,6.34,,x,,,0
2020,Saskatchewan [47],2021A000247,Sex and gender,Number,223,units,0,v1579318783,6.34,,x,,,0
2021,Saskatchewan [47],2021A000247,Sex and gender,Number,223,units,0,v1579318783,6.34,,x,,,0
2022,Saskatchewan [47],2021A000247,Sex and gender,Number,223,units,0,v1579318783,6.34,,x,,,0
2023,Saskatchewan [47],2021A000247,Sex and gender,Number,223,units,0,v1579318783,6.34,,x,,,0
2014,Saskatchewan [47],2021A000247,Age,Number,223,units,0,v1579318788,6.39,,x,,,0
2015,Saskatchewan [47],2021A000247,Age,Number,223,units,0,v1579318788,6.39,,x,,,0
2016,Saskatchewan [47],2021A000247,Age,Number,223,units,0,v1579318788,6.39,,x,,,0
2017,Saskatchewan [47],2021A000247,Age,Number,223,units,0,v1579318788,6.39,,x,,,0
2018,Saskatchewan [47],2021A000247,Age,Number,223,units,0,v1579318788,6.39,,x,,,0
2019,Saskatchewan [47],2021A000247,Age,Number,223,units,0,v1579318788,6.39,,x,,,0
2020,Saskatchewan [47],2021A000247,Age,Number,223,units,0,v1579318788,6.39,,x,,,0
2021,Saskatchewan [47],2021A000247,Age,Number,223,units,0,v1579318788,6.39,,x,,,0
2022,Saskatchewan [47],2021A000247,Age,Number,223,units,0,v1579318788,6.39,,x,,,0
2023,Saskatchewan [47],2021A000247,Age,Number,223,units,0,v1579318788,6.39,,x,,,0
2021,Saskatchewan [47],2021A000247,Immigrants / Newcomers to Canada,Number,223,units,0,v1593158782,6.82,,..,,,0
2022,Saskatchewan [47],2021A000247,Immigrants / Newcomers to Canada,Number,223,units,0,v1593158782,6.82,,..,,,0
2023,Saskatchewan [47],2021A000247,Immigrants / Newcomers to Canada,Number,223,units,0,v1593158782,6.82,,x,,,0
2014,Saskatchewan [47],2021A000247,Other similar factor,Number,223,units,0,v1579318794,6.45,,x,,,0
2015,Saskatchewan [47],2021A000247,Other similar factor,Number,223,units,0,v1579318794,6.45,,x,,,0
2016,Saskatchewan [47],2021A000247,Other similar factor,Number,223,units,0,v1579318794,6.45,,x,,,0
2017,Saskatchewan [47],2021A000247,Other similar factor,Number,223,units,0,v1579318794,6.45,,x,,,0
2018,Saskatchewan [47],2021A000247,Other similar factor,Number,223,units,0,v1579318794,6.45,,x,,,0
2019,Saskatchewan [47],2021A000247,Other similar factor,Number,223,units,0,v1579318794,6.45,,x,,,0
2020,Saskatchewan [47],2021A000247,Other similar factor,Number,223,units,0,v1579318794,6.45,,x,,,0
2021,Saskatchewan [47],2021A000247,Other similar factor,Number,223,units,0,v1579318794,6.45,,x,,,0
2022,Saskatchewan [47],2021A000247,Other similar factor,Number,223,units,0,v1579318794,6.45,,x,,,0
2023,Saskatchewan [47],2021A000247,Other similar factor,Number,223,units,0,v1579318794,6.45,,x,,,0
2021,Saskatchewan [47],2021A000247,Combination (More than 2 motivations),Number,223,units,0,v1593158783,6.83,,..,,,0
2022,Saskatchewan [47],2021A000247,Combination (More than 2 motivations),Number,223,units,0,v1593158783,6.83,,..,,,0
2023,Saskatchewan [47],2021A000247,Combination (More than 2 motivations),Number,223,units,0,v1593158783,6.83,,x,,,0
2014,Saskatchewan [47],2021A000247,Unknown motivation,Number,223,units,0,v1579318795,6.46,,x,,,0
2015,Saskatchewan [47],2021A000247,Unknown motivation,Number,223,units,0,v1579318795,6.46,,x,,,0
2016,Saskatchewan [47],2021A000247,Unknown motivation,Number,223,units,0,v1579318795,6.46,,x,,,0
2017,Saskatchewan [47],2021A000247,Unknown motivation,Number,223,units,0,v1579318795,6.46,,x,,,0
2018,Saskatchewan [47],2021A000247,Unknown motivation,Number,223,units,0,v1579318795,6.46,,x,,,0
2019,Saskatchewan [47],2021A000247,Unknown motivation,Number,223,units,0,v1579318795,6.46,,x,,,0
2020,Saskatchewan [47],2021A000247,Unknown motivation,Number,223,units,0,v1579318795,6.46,,x,,,0
2021,Saskatchewan [47],2021A000247,Unknown motivation,Number,223,units,0,v1579318795,6.46,,x,,,0
2022,Saskatchewan [47],2021A000247,Unknown motivation,Number,223,units,0,v1579318795,6.46,,x,,,0
2023,Saskatchewan [47],2021A000247,Unknown motivation,Number,223,units,0,v1579318795,6.46,,x,,,0
2014,Alberta [48],2021A000248,Race or ethnicity,Number,223,units,0,v1579318797,7.2,86,,,,0
2015,Alberta [48],2021A000248,Race or ethnicity,Number,223,units,0,v1579318797,7.2,108,,,,0
2016,Alberta [48],2021A000248,Race or ethnicity,Number,223,units,0,v1579318797,7.2,92,,,,0
2017,Alberta [48],2021A000248,Race or ethnicity,Number,223,units,0,v1579318797,7.2,124,,,,0
2018,Alberta [48],2021A000248,Race or ethnicity,Number,223,units,0,v1579318797,7.2,119,,,,0
2019,Alberta [48],2021A000248,Race or ethnicity,Number,223,units,0,v1579318797,7.2,106,,,,0
2020,Alberta [48],2021A000248,Race or ethnicity,Number,223,units,0,v1579318797,7.2,213,,,,0
2021,Alberta [48],2021A000248,Race or ethnicity,Number,223,units,0,v1579318797,7.2,188,,,,0
2022,Alberta [48],2021A000248,Race or ethnicity,Number,223,units,0,v1579318797,7.2,206,,,,0
2023,Alberta [48],2021A000248,Race or ethnicity,Number,223,units,0,v1579318797,7.2,182,,,,0
2014,Alberta [48],2021A000248,Religion,Number,223,units,0,v1579318807,7.12,30,,,,0
2015,Alberta [48],2021A000248,Religion,Number,223,units,0,v1579318807,7.12,56,,,,0
2016,Alberta [48],2021A000248,Religion,Number,223,units,0,v1579318807,7.12,25,,,,0
2017,Alberta [48],2021A000248,Religion,Number,223,units,0,v1579318807,7.12,48,,,,0
2018,Alberta [48],2021A000248,Religion,Number,223,units,0,v1579318807,7.12,86,,,,0
2019,Alberta [48],2021A000248,Religion,Number,223,units,0,v1579318807,7.12,53,,,,0
2020,Alberta [48],2021A000248,Religion,Number,223,units,0,v1579318807,7.12,30,,,,0
2021,Alberta [48],2021A000248,Religion,Number,223,units,0,v1579318807,7.12,92,,,,0
2022,Alberta [48],2021A000248,Religion,Number,223,units,0,v1579318807,7.12,55,,,,0
2023,Alberta [48],2021A000248,Religion,Number,223,units,0,v1579318807,7.12,98,,,,0
2014,Alberta [48],2021A000248,Sexual orientation,Number,223,units,0,v1579318813,7.18,20,,,,0
2015,Alberta [48],2021A000248,Sexual orientation,Number,223,units,0,v1579318813,7.18,19,,,,0
2016,Alberta [48],2021A000248,Sexual orientation,Number,223,units,0,v1579318813,7.18,19,,,,0
2017,Alberta [48],2021A000248,Sexual orientation,Number,223,units,0,v1579318813,7.18,16,,,,0
2018,Alberta [48],2021A000248,Sexual orientation,Number,223,units,0,v1579318813,7.18,21,,,,0
2019,Alberta [48],2021A000248,Sexual orientation,Number,223,units,0,v1579318813,7.18,36,,,,0
2020,Alberta [48],2021A000248,Sexual orientation,Number,223,units,0,v1579318813,7.18,39,,,,0
2021,Alberta [48],2021A000248,Sexual orientation,Number,223,units,0,v1579318813,7.18,43,,,,0
2022,Alberta [48],2021A000248,Sexual orientation,Number,223,units,0,v1579318813,7.18,39,,,,0
2023,Alberta [48],2021A000248,Sexual orientation,Number,223,units,0,v1579318813,7.18,91,,,,0
2014,Alberta [48],2021A000248,Language,Number,223,units,0,v1579318819,7.24,,x,,,0
2015,Alberta [48],2021A000248,Language,Number,223,units,0,v1579318819,7.24,,x,,,0
2016,Alberta [48],2021A000248,Language,Number,223,units,0,v1579318819,7.24,,x,,,0
2017,Alberta [48],2021A000248,Language,Number,223,units,0,v1579318819,7.24,,x,,,0
2018,Alberta [48],2021A000248,Language,Number,223,units,0,v1579318819,7.24,,x,,,0
2019,Alberta [48],2021A000248,Language,Number,223,units,0,v1579318819,7.24,,x,,,0
2020,Alberta [48],2021A000248,Language,Number,223,units,0,v1579318819,7.24,,x,,,0
2021,Alberta [48],2021A000248,Language,Number,223,units,0,v1579318819,7.24,,x,,,0
2022,Alberta [48],2021A000248,Language,Number,223,units,0,v1579318819,7.24,,x,,,0
2023,Alberta [48],2021A000248,Language,Number,223,units,0,v1579318819,7.24,,x,,,0
2014,Alberta [48],2021A000248,Mental or Physical Disability,Number,223,units,0,v1579318824,7.29,,x,,,0
2015,Alberta [48],2021A000248,Mental or Physical Disability,Number,223,units,0,v1579318824,7.29,,x,,,0
2016,Alberta [48],2021A000248,Mental or Physical Disability,Number,223,units,0,v1579318824,7.29,,x,,,0
2017,Alberta [48],2021A000248,Mental or Physical Disability,Number,223,units,0,v1579318824,7.29,,x,,,0
2018,Alberta [48],2021A000248,Mental or Physical Disability,Number,223,units,0,v1579318824,7.29,,x,,,0
2019,Alberta [48],2021A000248,Mental or Physical Disability,Number,223,units,0,v1579318824,7.29,,x,,,0
2020,Alberta [48],2021A000248,Mental or Physical Disability,Number,223,units,0,v1579318824,7.29,,x,,,0
2021,Alberta [48],2021A000248,Mental or Physical Disability,Number,223,units,0,v1579318824,7.29,,x,,,0
2022,Alberta [48],2021A000248,Mental or Physical Disability,Number,223,units,0,v1579318824,7.29,,x,,,0
2023,Alberta [48],2021A000248,Mental or Physical Disability,Number,223,units,0,v1579318824,7.29,,x,,,0
2014,Alberta [48],2021A000248,Sex and gender,Number,223,units,0,v1579318829,7.34,,x,,,0
2015,Alberta [48],2021A000248,Sex and gender,Number,223,units,0,v1579318829,7.34,,x,,,0
2016,Alberta [48],2021A000248,Sex and gender,Number,223,units,0,v1579318829,7.34,,x,,,0
2017,Alberta [48],2021A000248,Sex and gender,Number,223,units,0,v1579318829,7.34,,x,,,0
2018,Alberta [48],2021A000248,Sex and gender,Number,223,units,0,v1579318829,7.34,,x,,,0
2019,Alberta [48],2021A000248,Sex and gender,Number,223,units,0,v1579318829,7.34,,x,,,0
2020,Alberta [48],2021A000248,Sex and gender,Number,223,units,0,v1579318829,7.34,,x,,,0
2021,Alberta [48],2021A000248,Sex and gender,Number,223,units,0,v1579318829,7.34,,x,,,0
2022,Alberta [48],2021A000248,Sex and gender,Number,223,units,0,v1579318829,7.34,,x,,,0
2023,Alberta [48],2021A000248,Sex and gender,Number,223,units,0,v1579318829,7.34,,x,,,0
2014,Alberta [48],2021A000248,Age,Number,223,units,0,v1579318834,7.39,,x,,,0
2015,Alberta [48],2021A000248,Age,Number,223,units,0,v1579318834,7.39,,x,,,0
2016,Alberta [48],2021A000248,Age,Number,223,units,0,v1579318834,7.39,,x,,,0
2017,Alberta [48],2021A000248,Age,Number,223,units,0,v1579318834,7.39,,x,,,0
2018,Alberta [48],2021A000248,Age,Number,223,units,0,v1579318834,7.39,,x,,,0
2019,Alberta [48],2021A000248,Age,Number,223,units,0,v1579318834,7.39,,x,,,0
2020,Alberta [48],2021A000248,Age,Number,223,units,0,v1579318834,7.39,,x,,,0
2021,Alberta [48],2021A000248,Age,Number,223,units,0,v1579318834,7.39,,x,,,0
2022,Alberta [48],2021A000248,Age,Number,223,units,0,v1579318834,7.39,,x,,,0
2023,Alberta [48],2021A000248,Age,Number,223,units,0,v1579318834,7.39,,x,,,0
2021,Alberta [48],2021A000248,Immigrants / Newcomers to Canada,Number,223,units,0,v1593158819,7.82,,..,,,0
2022,Alberta [48],2021A000248,Immigrants / Newcomers to Canada,Number,223,units,0,v1593158819,7.82,,..,,,0
2023,Alberta [48],2021A000248,Immigrants / Newcomers to Canada,Number,223,units,0,v1593158819,7.82,,x,,,0
2014,Alberta [48],2021A000248,Other similar factor,Number,223,units,0,v1579318840,7.45,,x,,,0
2015,Alberta [48],2021A000248,Other similar factor,Number,223,units,0,v1579318840,7.45,,x,,,0
2016,Alberta [48],2021A000248,Other similar factor,Number,223,units,0,v1579318840,7.45,,x,,,0
2017,Alberta [48],2021A000248,Other similar factor,Number,223,units,0,v1579318840,7.45,,x,,,0
2018,Alberta [48],2021A000248,Other similar factor,Number,223,units,0,v1579318840,7.45,,x,,,0
2019,Alberta [48],2021A000248,Other similar factor,Number,223,units,0,v1579318840,7.45,,x,,,0
2020,Alberta [48],2021A000248,Other similar factor,Number,223,units,0,v1579318840,7.45,,x,,,0
2021,Alberta [48],2021A000248,Other similar factor,Number,223,units,0,v1579318840,7.45,,x,,,0
2022,Alberta [48],2021A000248,Other similar factor,Number,223,units,0,v1579318840,7.45,,x,,,0
2023,Alberta [48],2021A000248,Other similar factor,Number,223,units,0,v1579318840,7.45,,x,,,0
2021,Alberta [48],2021A000248,Combination (More than 2 motivations),Number,223,units,0,v1593158820,7.83,,..,,,0
2022,Alberta [48],2021A000248,Combination (More than 2 motivations),Number,223,units,0,v1593158820,7.83,,..,,,0
2023,Alberta [48],2021A000248,Combination (More than 2 motivations),Number,223,units,0,v1593158820,7.83,,x,,,0
2014,Alberta [48],2021A000248,Unknown motivation,Number,223,units,0,v1579318841,7.46,,x,,,0
2015,Alberta [48],2021A000248,Unknown motivation,Number,223,units,0,v1579318841,7.46,,x,,,0
2016,Alberta [48],2021A000248,Unknown motivation,Number,223,units,0,v1579318841,7.46,,x,,,0
2017,Alberta [48],2021A000248,Unknown motivation,Number,223,units,0,v1579318841,7.46,,x,,,0
2018,Alberta [48],2021A000248,Unknown motivation,Number,223,units,0,v1579318841,7.46,,x,,,0
2019,Alberta [48],2021A000248,Unknown motivation,Number,223,units,0,v1579318841,7.46,,x,,,0
2020,Alberta [48],2021A000248,Unknown motivation,Number,223,units,0,v1579318841,7.46,,x,,,0
2021,Alberta [48],2021A000248,Unknown motivation,Number,223,units,0,v1579318841,7.46,,x,,,0
2022,Alberta [48],2021A000248,Unknown motivation,Number,223,units,0,v1579318841,7.46,,x,,,0
2023,Alberta [48],2021A000248,Unknown motivation,Number,223,units,0,v1579318841,7.46,,x,,,0
2014,British Columbia [59],2021A000259,Race or ethnicity,Number,223,units,0,v1579318843,8.2,90,,,,0
2015,British Columbia [59],2021A000259,Race or ethnicity,Number,223,units,0,v1579318843,8.2,84,,,,0
2016,British Columbia [59],2021A000259,Race or ethnicity,Number,223,units,0,v1579318843,8.2,118,,,,0
2017,British Columbia [59],2021A000259,Race or ethnicity,Number,223,units,0,v1579318843,8.2,116,,,,0
2018,British Columbia [59],2021A000259,Race or ethnicity,Number,223,units,0,v1579318843,8.2,124,,,,0
2019,British Columbia [59],2021A000259,Race or ethnicity,Number,223,units,0,v1579318843,8.2,161,,,,0
2020,British Columbia [59],2021A000259,Race or ethnicity,Number,223,units,0,v1579318843,8.2,366,,,,0
2021,British Columbia [59],2021A000259,Race or ethnicity,Number,223,units,0,v1579318843,8.2,348,,,,0
2022,British Columbia [59],2021A000259,Race or ethnicity,Number,223,units,0,v1579318843,8.2,328,,,,0
2023,British Columbia [59],2021A000259,Race or ethnicity,Number,223,units,0,v1579318843,8.2,368,,,,0
2014,British Columbia [59],2021A000259,Religion,Number,223,units,0,v1579318853,8.12,44,,,,0
2015,British Columbia [59],2021A000259,Religion,Number,223,units,0,v1579318853,8.12,38,,,,0
2016,British Columbia [59],2021A000259,Religion,Number,223,units,0,v1579318853,8.12,47,,,,0
2017,British Columbia [59],2021A000259,Religion,Number,223,units,0,v1579318853,8.12,103,,,,0
2018,British Columbia [59],2021A000259,Religion,Number,223,units,0,v1579318853,8.12,74,,,,0
2019,British Columbia [59],2021A000259,Religion,Number,223,units,0,v1579318853,8.12,66,,,,0
2020,British Columbia [59],2021A000259,Religion,Number,223,units,0,v1579318853,8.12,72,,,,0
2021,British Columbia [59],2021A000259,Religion,Number,223,units,0,v1579318853,8.12,152,,,,0
2022,British Columbia [59],2021A000259,Religion,Number,223,units,0,v1579318853,8.12,79,,,,0
2023,British Columbia [59],2021A000259,Religion,Number,223,units,0,v1579318853,8.12,119,,,,0
2014,British Columbia [59],2021A000259,Sexual orientation,Number,223,units,0,v1579318859,8.18,27,,,,0
2015,British Columbia [59],2021A000259,Sexual orientation,Number,223,units,0,v1579318859,8.18,25,,,,0
2016,British Columbia [59],2021A000259,Sexual orientation,Number,223,units,0,v1579318859,8.18,36,,,,0
2017,British Columbia [59],2021A000259,Sexual orientation,Number,223,units,0,v1579318859,8.18,18,,,,0
2018,British Columbia [59],2021A000259,Sexual orientation,Number,223,units,0,v1579318859,8.18,38,,,,0
2019,British Columbia [59],2021A000259,Sexual orientation,Number,223,units,0,v1579318859,8.18,47,,,,0
2020,British Columbia [59],2021A000259,Sexual orientation,Number,223,units,0,v1579318859,8.18,41,,,,0
2021,British Columbia [59],2021A000259,Sexual orientation,Number,223,units,0,v1579318859,8.18,70,,,,0
2022,British Columbia [59],2021A000259,Sexual orientation,Number,223,units,0,v1579318859,8.18,77,,,,0
2023,British Columbia [59],2021A000259,Sexual orientation,Number,223,units,0,v1579318859,8.18,110,,,,0
2014,British Columbia [59],2021A000259,Language,Number,223,units,0,v1579318865,8.24,,x,,,0
2015,British Columbia [59],2021A000259,Language,Number,223,units,0,v1579318865,8.24,,x,,,0
2016,British Columbia [59],2021A000259,Language,Number,223,units,0,v1579318865,8.24,,x,,,0
2017,British Columbia [59],2021A000259,Language,Number,223,units,0,v1579318865,8.24,,x,,,0
2018,British Columbia [59],2021A000259,Language,Number,223,units,0,v1579318865,8.24,,x,,,0
2019,British Columbia [59],2021A000259,Language,Number,223,units,0,v1579318865,8.24,,x,,,0
2020,British Columbia [59],2021A000259,Language,Number,223,units,0,v1579318865,8.24,,x,,,0
2021,British Columbia [59],2021A000259,Language,Number,223,units,0,v1579318865,8.24,,x,,,0
2022,British Columbia [59],2021A000259,Language,Number,223,units,0,v1579318865,8.24,,x,,,0
2023,British Columbia [59],2021A000259,Language,Number,223,units,0,v1579318865,8.24,,x,,,0
2014,British Columbia [59],2021A000259,Mental or Physical Disability,Number,223,units,0,v1579318870,8.29,,x,,,0
2015,British Columbia [59],2021A000259,Mental or Physical Disability,Number,223,units,0,v1579318870,8.29,,x,,,0
2016,British Columbia [59],2021A000259,Mental or Physical Disability,Number,223,units,0,v1579318870,8.29,,x,,,0
2017,British Columbia [59],2021A000259,Mental or Physical Disability,Number,223,units,0,v1579318870,8.29,,x,,,0
2018,British Columbia [59],2021A000259,Mental or Physical Disability,Number,223,units,0,v1579318870,8.29,,x,,,0
2019,British Columbia [59],2021A000259,Mental or Physical Disability,Number,223,units,0,v1579318870,8.29,,x,,,0
2020,British Columbia [59],2021A000259,Mental or Physical Disability,Number,223,units,0,v1579318870,8.29,,x,,,0
2021,British Columbia [59],2021A000259,Mental or Physical Disability,Number,223,units,0,v1579318870,8.29,,x,,,0
2022,British Columbia [59],2021A000259,Mental or Physical Disability,Number,223,units,0,v1579318870,8.29,,x,,,0
2023,British Columbia [59],2021A000259,Mental or Physical Disability,Number,223,units,0,v1579318870,8.29,,x,,,0
2014,British Columbia [59],2021A000259,Sex and gender,Number,223,units,0,v1579318875,8.34,,x,,,0
2015,British Columbia [59],2021A000259,Sex and gender,Number,223,units,0,v1579318875,8.34,,x,,,0
2016,British Columbia [59],2021A000259,Sex and gender,Number,223,units,0,v1579318875,8.34,,x,,,0
2017,British Columbia [59],2021A000259,Sex and gender,Number,223,units,0,v1579318875,8.34,,x,,,0
2018,British Columbia [59],2021A000259,Sex and gender,Number,223,units,0,v1579318875,8.34,,x,,,0
2019,British Columbia [59],2021A000259,Sex and gender,Number,223,units,0,v1579318875,8.34,,x,,,0
2020,British Columbia [59],2021A000259,Sex and gender,Number,223,units,0,v1579318875,8.34,,x,,,0
2021,British Columbia [59],2021A000259,Sex and gender,Number,223,units,0,v1579318875,8.34,,x,,,0
2022,British Columbia [59],2021A000259,Sex and gender,Number,223,units,0,v1579318875,8.34,,x,,,0
2023,British Columbia [59],2021A000259,Sex and gender,Number,223,units,0,v1579318875,8.34,,x,,,0
2014,British Columbia [59],2021A000259,Age,Number,223,units,0,v1579318880,8.39,,x,,,0
2015,British Columbia [59],2021A000259,Age,Number,223,units,0,v1579318880,8.39,,x,,,0
2016,British Columbia [59],2021A000259,Age,Number,223,units,0,v1579318880,8.39,,x,,,0
2017,British Columbia [59],2021A000259,Age,Number,223,units,0,v1579318880,8.39,,x,,,0
2018,British Columbia [59],2021A000259,Age,Number,223,units,0,v1579318880,8.39,,x,,,0
2019,British Columbia [59],2021A000259,Age,Number,223,units,0,v1579318880,8.39,,x,,,0
2020,British Columbia [59],2021A000259,Age,Number,223,units,0,v1579318880,8.39,,x,,,0
2021,British Columbia [59],2021A000259,Age,Number,223,units,0,v1579318880,8.39,,x,,,0
2022,British Columbia [59],2021A000259,Age,Number,223,units,0,v1579318880,8.39,,x,,,0
2023,British Columbia [59],2021A000259,Age,Number,223,units,0,v1579318880,8.39,,x,,,0
2021,British Columbia [59],2021A000259,Immigrants / Newcomers to Canada,Number,223,units,0,v1593158856,8.82,,..,,,0
2022,British Columbia [59],2021A000259,Immigrants / Newcomers to Canada,Number,223,units,0,v1593158856,8.82,,..,,,0
2023,British Columbia [59],2021A000259,Immigrants / Newcomers to Canada,Number,223,units,0,v1593158856,8.82,,x,,,0
2014,British Columbia [59],2021A000259,Other similar factor,Number,223,units,0,v1579318886,8.45,,x,,,0
2015,British Columbia [59],2021A000259,Other similar factor,Number,223,units,0,v1579318886,8.45,,x,,,0
2016,British Columbia [59],2021A000259,Other similar factor,Number,223,units,0,v1579318886,8.45,,x,,,0
2017,British Columbia [59],2021A000259,Other similar factor,Number,223,units,0,v1579318886,8.45,,x,,,0
2018,British Columbia [59],2021A000259,Other similar factor,Number,223,units,0,v1579318886,8.45,,x,,,0
2019,British Columbia [59],2021A000259,Other similar factor,Number,223,units,0,v1579318886,8.45,,x,,,0
2020,British Columbia [59],2021A000259,Other similar factor,Number,223,units,0,v1579318886,8.45,,x,,,0
2021,British Columbia [59],2021A000259,Other similar factor,Number,223,units,0,v1579318886,8.45,,x,,,0
2022,British Columbia [59],2021A000259,Other similar factor,Number,223,units,0,v1579318886,8.45,,x,,,0
2023,British Columbia [59],2021A000259,Other similar factor,Number,223,units,0,v1579318886,8.45,,x,,,0
2021,British Columbia [59],2021A000259,Combination (More than 2 motivations),Number,223,units,0,v1593158857,8.83,,..,,,0
2022,British Columbia [59],2021A000259,Combination (More than 2 motivations),Number,223,units,0,v1593158857,8.83,,..,,,0
2023,British Columbia [59],2021A000259,Combination (More than 2 motivations),Number,223,units,0,v1593158857,8.83,,x,,,0
2014,British Columbia [59],2021A000259,Unknown motivation,Number,223,units,0,v1579318887,8.46,,x,,,0
2015,British Columbia [59],2021A000259,Unknown motivation,Number,223,units,0,v1579318887,8.46,,x,,,0
2016,British Columbia [59],2021A000259,Unknown motivation,Number,223,units,0,v1579318887,8.46,,x,,,0
2017,British Columbia [59],2021A000259,Unknown motivation,Number,223,units,0,v1579318887,8.46,,x,,,0
2018,British Columbia [59],2021A000259,Unknown motivation,Number,223,units,0,v1579318887,8.46,,x,,,0
2019,British Columbia [59],2021A000259,Unknown motivation,Number,223,units,0,v1579318887,8.46,,x,,,0
2020,British Columbia [59],2021A000259,Unknown motivation,Number,223,units,0,v1579318887,8.46,,x,,,0
2021,British Columbia [59],2021A000259,Unknown motivation,Number,223,units,0,v1579318887,8.46,,x,,,0
2022,British Columbia [59],2021A000259,Unknown motivation,Number,223,units,0,v1579318887,8.46,,x,,,0
2023,British Columbia [59],2021A000259,Unknown motivation,Number,223,units,0,v1579318887,8.46,,x,,,0
2014,Territories [6],N6,Race or ethnicity,Number,223,units,0,v1579318889,9.2,3,,,,0
2015,Territories [6],N6,Race or ethnicity,Number,223,units,0,v1579318889,9.2,5,,,,0
2016,Territories [6],N6,Race or ethnicity,Number,223,units,0,v1579318889,9.2,9,,,,0
2017,Territories [6],N6,Race or ethnicity,Number,223,units,0,v1579318889,9.2,8,,,,0
2018,Territories [6],N6,Race or ethnicity,Number,223,units,0,v1579318889,9.2,2,,,,0
2019,Territories [6],N6,Race or ethnicity,Number,223,units,0,v1579318889,9.2,6,,,,0
2020,Territories [6],N6,Race or ethnicity,Number,223,units,0,v1579318889,9.2,13,,,,0
2021,Territories [6],N6,Race or ethnicity,Number,223,units,0,v1579318889,9.2,10,,,,0
2022,Territories [6],N6,Race or ethnicity,Number,223,units,0,v1579318889,9.2,17,,,,0
2023,Territories [6],N6,Race or ethnicity,Number,223,units,0,v1579318889,9.2,14,,,,0
2014,Territories [6],N6,Religion,Number,223,units,0,v1579318899,9.12,0,,,,0
2015,Territories [6],N6,Religion,Number,223,units,0,v1579318899,9.12,0,,,,0
2016,Territories [6],N6,Religion,Number,223,units,0,v1579318899,9.12,2,,,,0
2017,Territories [6],N6,Religion,Number,223,units,0,v1579318899,9.12,0,,,,0
2018,Territories [6],N6,Religion,Number,223,units,0,v1579318899,9.12,1,,,,0
2019,Territories [6],N6,Religion,Number,223,units,0,v1579318899,9.12,1,,,,0
2020,Territories [6],N6,Religion,Number,223,units,0,v1579318899,9.12,0,,,,0
2021,Territories [6],N6,Religion,Number,223,units,0,v1579318899,9.12,2,,,,0
2022,Territories [6],N6,Religion,Number,223,units,0,v1579318899,9.12,5,,,,0
2023,Territories [6],N6,Religion,Number,223,units,0,v1579318899,9.12,1,,,,0
2014,Territories [6],N6,Sexual orientation,Number,223,units,0,v1579318905,9.18,1,,,,0
2015,Territories [6],N6,Sexual orientation,Number,223,units,0,v1579318905,9.18,1,,,,0
2016,Territories [6],N6,Sexual orientation,Number,223,units,0,v1579318905,9.18,0,,,,0
2017,Territories [6],N6,Sexual orientation,Number,223,units,0,v1579318905,9.18,3,,,,0
2018,Territories [6],N6,Sexual orientation,Number,223,units,0,v1579318905,9.18,1,,,,0
2019,Territories [6],N6,Sexual orientation,Number,223,units,0,v1579318905,9.18,5,,,,0
2020,Territories [6],N6,Sexual orientation,Number,223,units,0,v1579318905,9.18,1,,,,0
2021,Territories [6],N6,Sexual orientation,Number,223,units,0,v1579318905,9.18,3,,,,0
2022,Territories [6],N6,Sexual orientation,Number,223,units,0,v1579318905,9.18,6,,,,0
2023,Territories [6],N6,Sexual orientation,Number,223,units,0,v1579318905,9.18,3,,,,0
2014,Territories [6],N6,Language,Number,223,units,0,v1579318911,9.24,,x,,,0
2015,Territories [6],N6,Language,Number,223,units,0,v1579318911,9.24,,x,,,0
2016,Territories [6],N6,Language,Number,223,units,0,v1579318911,9.24,,x,,,0
2017,Territories [6],N6,Language,Number,223,units,0,v1579318911,9.24,,x,,,0
2018,Territories [6],N6,Language,Number,223,units,0,v1579318911,9.24,,x,,,0
2019,Territories [6],N6,Language,Number,223,units,0,v1579318911,9.24,,x,,,0
2020,Territories [6],N6,Language,Number,223,units,0,v1579318911,9.24,,x,,,0
2021,Territories [6],N6,Language,Number,223,units,0,v1579318911,9.24,,x,,,0
2022,Territories [6],N6,Language,Number,223,units,0,v1579318911,9.24,,x,,,0
2023,Territories [6],N6,Language,Number,223,units,0,v1579318911,9.24,,x,,,0
2014,Territories [6],N6,Mental or Physical Disability,Number,223,units,0,v1579318916,9.29,,x,,,0
2015,Territories [6],N6,Mental or Physical Disability,Number,223,units,0,v1579318916,9.29,,x,,,0
2016,Territories [6],N6,Mental or Physical Disability,Number,223,units,0,v1579318916,9.29,,x,,,0
2017,Territories [6],N6,Mental or Physical Disability,Number,223,units,0,v1579318916,9.29,,x,,,0
2018,Territories [6],N6,Mental or Physical Disability,Number,223,units,0,v1579318916,9.29,,x,,,0
2019,Territories [6],N6,Mental or Physical Disability,Number,223,units,0,v1579318916,9.29,,x,,,0
2020,Territories [6],N6,Mental or Physical Disability,Number,223,units,0,v1579318916,9.29,,x,,,0
2021,Territories [6],N6,Mental or Physical Disability,Number,223,units,0,v1579318916,9.29,,x,,,0
2022,Territories [6],N6,Mental or Physical Disability,Number,223,units,0,v1579318916,9.29,,x,,,0
2023,Territories [6],N6,Mental or Physical Disability,Number,223,units,0,v1579318916,9.29,,x,,,0
2014,Territories [6],N6,Sex and gender,Number,223,units,0,v1579318921,9.34,,x,,,0
2015,Territories [6],N6,Sex and gender,Number,223,units,0,v1579318921,9.34,,x,,,0
2016,Territories [6],N6,Sex and gender,Number,223,units,0,v1579318921,9.34,,x,,,0
2017,Territories [6],N6,Sex and gender,Number,223,units,0,v1579318921,9.34,,x,,,0
2018,Territories [6],N6,Sex and gender,Number,223,units,0,v1579318921,9.34,,x,,,0
2019,Territories [6],N6,Sex and gender,Number,223,units,0,v1579318921,9.34,,x,,,0
2020,Territories [6],N6,Sex and gender,Number,223,units,0,v1579318921,9.34,,x,,,0
2021,Territories [6],N6,Sex and gender,Number,223,units,0,v1579318921,9.34,,x,,,0
2022,Territories [6],N6,Sex and gender,Number,223,units,0,v1579318921,9.34,,x,,,0
2023,Territories [6],N6,Sex and gender,Number,223,units,0,v1579318921,9.34,,x,,,0
2014,Territories [6],N6,Age,Number,223,units,0,v1579318926,9.39,,x,,,0
2015,Territories [6],N6,Age,Number,223,units,0,v1579318926,9.39,,x,,,0
2016,Territories [6],N6,Age,Number,223,units,0,v1579318926,9.39,,x,,,0
2017,Territories [6],N6,Age,Number,223,units,0,v1579318926,9.39,,x,,,0
2018,Territories [6],N6,Age,Number,223,units,0,v1579318926,9.39,,x,,,0
2019,Territories [6],N6,Age,Number,223,units,0,v1579318926,9.39,,x,,,0
2020,Territories [6],N6,Age,Number,223,units,0,v1579318926,9.39,,x,,,0
2021,Territories [6],N6,Age,Number,223,units,0,v1579318926,9.39,,x,,,0
2022,Territories [6],N6,Age,Number,223,units,0,v1579318926,9.39,,x,,,0
2023,Territories [6],N6,Age,Number,223,units,0,v1579318926,9.39,,x,,,0
2021,Territories [6],N6,Immigrants / Newcomers to Canada,Number,223,units,0,v1593158893,9.82,,..,,,0
2022,Territories [6],N6,Immigrants / Newcomers to Canada,Number,223,units,0,v1593158893,9.82,,..,,,0
2023,Territories [6],N6,Immigrants / Newcomers to Canada,Number,223,units,0,v1593158893,9.82,,x,,,0
2014,Territories [6],N6,Other similar factor,Number,223,units,0,v1579318932,9.45,,x,,,0
2015,Territories [6],N6,Other similar factor,Number,223,units,0,v1579318932,9.45,,x,,,0
2016,Territories [6],N6,Other similar factor,Number,223,units,0,v1579318932,9.45,,x,,,0
2017,Territories [6],N6,Other similar factor,Number,223,units,0,v1579318932,9.45,,x,,,0
2018,Territories [6],N6,Other similar factor,Number,223,units,0,v1579318932,9.45,,x,,,0
2019,Territories [6],N6,Other similar factor,Number,223,units,0,v1579318932,9.45,,x,,,0
2020,Territories [6],N6,Other similar factor,Number,223,units,0,v1579318932,9.45,,x,,,0
2021,Territories [6],N6,Other similar factor,Number,223,units,0,v1579318932,9.45,,x,,,0
2022,Territories [6],N6,Other similar factor,Number,223,units,0,v1579318932,9.45,,x,,,0
2023,Territories [6],N6,Other similar factor,Number,223,units,0,v1579318932,9.45,,x,,,0
2021,Territories [6],N6,Combination (More than 2 motivations),Number,223,units,0,v1593158894,9.83,,..,,,0
2022,Territories [6],N6,Combination (More than 2 motivations),Number,223,units,0,v1593158894,9.83,,..,,,0
2023,Territories [6],N6,Combination (More than 2 motivations),Number,223,units,0,v1593158894,9.83,,x,,,0
2014,Territories [6],N6,Unknown motivation,Number,223,units,0,v1579318933,9.46,,x,,,0
2015,Territories [6],N6,Unknown motivation,Number,223,units,0,v1579318933,9.46,,x,,,0
2016,Territories [6],N6,Unknown motivation,Number,223,units,0,v1579318933,9.46,,x,,,0
2017,Territories [6],N6,Unknown motivation,Number,223,units,0,v1579318933,9.46,,x,,,0
2018,Territories [6],N6,Unknown motivation,Number,223,units,0,v1579318933,9.46,,x,,,0
2019,Territories [6],N6,Unknown motivation,Number,223,units,0,v1579318933,9.46,,x,,,0
2020,Territories [6],N6,Unknown motivation,Number,223,units,0,v1579318933,9.46,,x,,,0
2021,Territories [6],N6,Unknown motivation,Number,223,units,0,v1579318933,9.46,,x,,,0
2022,Territories [6],N6,Unknown motivation,Number,223,units,0,v1579318933,9.46,,x,,,0
2023,Territories [6],N6,Unknown motivation,Number,223,units,0,v1579318933,9.46,,x,,,0
